product_id,date,price
prod_1,2025-08-16,79508.72
prod_1,2025-08-17,79512.0
prod_1,2025-08-18,79594.79
prod_1,2025-08-19,85545.51
prod_1,2025-08-20,85640.32
prod_1,2025-08-21,85847.46
prod_1,2025-08-22,84829.27
prod_1,2025-08-23,85781.16
prod_1,2025-08-24,86018.42
prod_1,2025-08-25,85156.41
prod_1,2025-08-26,85809.23
prod_1,2025-08-27,86857.22
prod_1,2025-08-28,84859.15
prod_1,2025-08-29,86003.97
prod_1,2025-08-30,85630.49
prod_1,2025-08-31,86420.12
prod_1,2025-09-01,84995.18
prod_1,2025-09-02,86030.39
prod_1,2025-09-03,86376.88
prod_1,2025-09-04,85742.78
prod_1,2025-09-05,86654.65
prod_1,2025-09-06,86149.34
prod_1,2025-09-07,86110.61
prod_1,2025-09-08,86428.52
prod_1,2025-09-09,87122.12
prod_1,2025-09-10,86386.23
prod_1,2025-09-11,86414.42
prod_1,2025-09-12,86344.08
prod_1,2025-09-13,85867.59
prod_1,2025-09-14,85497.55
prod_1,2025-09-15,85850.84
prod_1,2025-09-16,86030.43
prod_1,2025-09-17,86089.25
prod_1,2025-09-18,85201.32
prod_1,2025-09-19,84607.88
prod_1,2025-09-20,85206.4
prod_1,2025-09-21,84540.21
prod_1,2025-09-22,85236.91
prod_1,2025-09-23,85333.02
prod_1,2025-09-24,84594.14
prod_1,2025-09-25,84454.07
prod_1,2025-09-26,85083.97
prod_1,2025-09-27,84884.13
prod_1,2025-09-28,84614.49
prod_1,2025-09-29,83825.27
prod_1,2025-09-30,84706.37
prod_1,2025-10-01,84401.76
prod_1,2025-10-02,84442.18
prod_1,2025-10-03,83241.7
prod_1,2025-10-04,83477.31
prod_1,2025-10-05,83495.36
prod_1,2025-10-06,83566.37
prod_1,2025-10-07,83966.57
prod_1,2025-10-08,84112.21
prod_1,2025-10-09,82784.21
prod_1,2025-10-10,83516.01
prod_1,2025-10-11,83708.1
prod_1,2025-10-12,81878.03
prod_1,2025-10-13,82429.04
prod_1,2025-10-14,83093.48
prod_1,2025-10-15,77411.16
prod_1,2025-10-16,76065.68
prod_1,2025-10-17,75826.81
prod_1,2025-10-18,82747.62
prod_1,2025-10-19,82833.61
prod_1,2025-10-20,82809.99
prod_1,2025-10-21,81624.2
prod_1,2025-10-22,81734.29
prod_1,2025-10-23,83138.6
prod_1,2025-10-24,82271.36
prod_1,2025-10-25,81525.2
prod_1,2025-10-26,81650.84
prod_1,2025-10-27,82233.34
prod_1,2025-10-28,81555.02
prod_1,2025-10-29,82855.41
prod_1,2025-10-30,81341.69
prod_1,2025-10-31,82684.43
prod_1,2025-11-01,81602.44
prod_1,2025-11-02,82770.97
prod_1,2025-11-03,81877.05
prod_1,2025-11-04,82291.5
prod_1,2025-11-05,81775.71
prod_1,2025-11-06,82482.96
prod_1,2025-11-07,82477.43
prod_1,2025-11-08,82260.42
prod_1,2025-11-09,82819.38
prod_1,2025-11-10,83020.56
prod_1,2025-11-11,83680.72
prod_1,2025-11-12,82832.42
prod_1,2025-11-13,82431.23
prod_1,2025-11-14,83734.44
prod_1,2025-11-15,83055.75
prod_1,2025-11-16,83663.27
prod_1,2025-11-17,84002.54
prod_1,2025-11-18,83614.57
prod_1,2025-11-19,83716.52
prod_1,2025-11-20,83921.18
prod_1,2025-11-21,84319.61
prod_1,2025-11-22,82908.32
prod_1,2025-11-23,84131.27
prod_1,2025-11-24,83021.23
prod_1,2025-11-25,84111.89
prod_1,2025-11-26,85190.03
prod_1,2025-11-27,83150.02
prod_1,2025-11-28,84787.9
prod_1,2025-11-29,85086.25
prod_1,2025-11-30,84547.85
prod_1,2025-12-01,84644.73
prod_1,2025-12-02,85431.45
prod_1,2025-12-03,84143.6
prod_1,2025-12-04,83921.7
prod_1,2025-12-05,85136.2
prod_1,2025-12-06,84114.14
prod_1,2025-12-07,84820.66
prod_1,2025-12-08,84761.63
prod_1,2025-12-09,84882.33
prod_1,2025-12-10,83772.5
prod_1,2025-12-11,84332.59
prod_1,2025-12-12,83544.43
prod_1,2025-12-13,84494.4
prod_1,2025-12-14,77980.47
prod_1,2025-12-15,78691.65
prod_1,2025-12-16,78236.15
prod_1,2025-12-17,83767.26
prod_1,2025-12-18,83667.11
prod_1,2025-12-19,83904.34
prod_1,2025-12-20,83855.42
prod_1,2025-12-21,82919.35
prod_1,2025-12-22,83931.56
prod_1,2025-12-23,83822.7
prod_1,2025-12-24,83476.73
prod_1,2025-12-25,82388.66
prod_1,2025-12-26,82911.81
prod_1,2025-12-27,82890.24
prod_1,2025-12-28,82377.2
prod_1,2025-12-29,82342.73
prod_1,2025-12-30,81999.15
prod_1,2025-12-31,82498.72
prod_1,2026-01-01,82405.15
prod_1,2026-01-02,82060.09
prod_1,2026-01-03,81320.88
prod_1,2026-01-04,81787.42
prod_1,2026-01-05,81900.76
prod_1,2026-01-06,81960.96
prod_1,2026-01-07,81062.71
prod_1,2026-01-08,81250.18
prod_1,2026-01-09,81231.35
prod_1,2026-01-10,81281.19
prod_1,2026-01-11,81494.16
prod_1,2026-01-12,81853.93
prod_1,2026-01-13,80808.57
prod_1,2026-01-14,80825.56
prod_1,2026-01-15,80334.86
prod_1,2026-01-16,79837.18
prod_1,2026-01-17,81140.55
prod_1,2026-01-18,81213.23
prod_1,2026-01-19,81552.48
prod_1,2026-01-20,81192.11
prod_1,2026-01-21,80339.1
prod_1,2026-01-22,80858.12
prod_1,2026-01-23,80191.95
prod_1,2026-01-24,80437.81
prod_1,2026-01-25,79940.45
prod_1,2026-01-26,81536.48
prod_1,2026-01-27,80158.19
prod_1,2026-01-28,80244.45
prod_1,2026-01-29,81256.85
prod_1,2026-01-30,80371.25
prod_1,2026-01-31,80448.17
prod_1,2026-02-01,81067.27
prod_1,2026-02-02,80509.86
prod_1,2026-02-03,80817.74
prod_1,2026-02-04,80592.64
prod_1,2026-02-05,81472.1
prod_1,2026-02-06,81203.89
prod_1,2026-02-07,81222.61
prod_1,2026-02-08,81469.46
prod_1,2026-02-09,81815.2
prod_1,2026-02-10,81158.65
prod_1,2026-02-11,82102.9
prod_1,2026-02-12,75307.49
prod_1,2026-02-13,75529.96
prod_1,2026-02-14,75163.13
prod_1,2026-02-15,82051.59
prod_1,2026-02-16,81895.62
prod_1,2026-02-17,81527.43
prod_1,2026-02-18,81495.9
prod_1,2026-02-19,82297.4
prod_1,2026-02-20,81514.38
prod_1,2026-02-21,82059.0
prod_1,2026-02-22,82461.62
prod_1,2026-02-23,81380.29
prod_1,2026-02-24,81531.34
prod_1,2026-02-25,82267.23
prod_1,2026-02-26,82555.8
prod_1,2026-02-27,82454.01
prod_1,2026-02-28,81707.13
prod_1,2026-03-01,83154.19
prod_1,2026-03-02,83403.08
prod_1,2026-03-03,82622.13
prod_1,2026-03-04,81936.11
prod_1,2026-03-05,82468.95
prod_1,2026-03-06,82240.07
prod_1,2026-03-07,82182.7
prod_1,2026-03-08,82025.05
prod_1,2026-03-09,82202.48
prod_1,2026-03-10,83364.91
prod_1,2026-03-11,82887.36
prod_1,2026-03-12,82217.41
prod_1,2026-03-13,82263.04
prod_1,2026-03-14,82656.91
prod_1,2026-03-15,82042.16
prod_1,2026-03-16,83168.15
prod_1,2026-03-17,82970.94
prod_1,2026-03-18,81909.54
prod_1,2026-03-19,81680.9
prod_1,2026-03-20,82286.84
prod_1,2026-03-21,82962.09
prod_1,2026-03-22,80914.71
prod_1,2026-03-23,81521.45
prod_1,2026-03-24,81799.59
prod_1,2026-03-25,81763.05
prod_1,2026-03-26,81959.56
prod_1,2026-03-27,80958.65
prod_1,2026-03-28,81806.52
prod_1,2026-03-29,80831.54
prod_1,2026-03-30,79783.39
prod_1,2026-03-31,81017.71
prod_1,2026-04-01,80357.17
prod_1,2026-04-02,80340.75
prod_1,2026-04-03,80379.3
prod_1,2026-04-04,79718.79
prod_1,2026-04-05,80092.71
prod_1,2026-04-06,80439.92
prod_1,2026-04-07,79851.04
prod_1,2026-04-08,80436.63
prod_1,2026-04-09,79445.64
prod_1,2026-04-10,79310.73
prod_1,2026-04-11,78506.99
prod_1,2026-04-12,80008.68
prod_1,2026-04-13,72820.62
prod_1,2026-04-14,73838.94
prod_1,2026-04-15,72945.92
prod_1,2026-04-16,78481.5
prod_1,2026-04-17,78627.04
prod_1,2026-04-18,79085.01
prod_1,2026-04-19,77583.51
prod_1,2026-04-20,79061.7
prod_1,2026-04-21,78768.6
prod_1,2026-04-22,78265.2
prod_1,2026-04-23,78264.78
prod_1,2026-04-24,79643.9
prod_1,2026-04-25,78570.35
prod_1,2026-04-26,78758.6
prod_1,2026-04-27,78335.77
prod_1,2026-04-28,78445.64
prod_1,2026-04-29,77735.69
prod_1,2026-04-30,78920.9
prod_1,2026-05-01,78316.41
prod_1,2026-05-02,78162.7
prod_1,2026-05-03,78732.66
prod_1,2026-05-04,78624.7
prod_1,2026-05-05,79086.77
prod_1,2026-05-06,79438.76
prod_1,2026-05-07,78750.58
prod_1,2026-05-08,79545.54
prod_1,2026-05-09,78844.38
prod_1,2026-05-10,78469.76
prod_1,2026-05-11,79327.15
prod_1,2026-05-12,80372.79
prod_1,2026-05-13,79678.7
prod_1,2026-05-14,79911.95
prod_1,2026-05-15,79714.1
prod_1,2026-05-16,79499.71
prod_1,2026-05-17,79197.56
prod_1,2026-05-18,79720.54
prod_1,2026-05-19,79163.84
prod_1,2026-05-20,80481.49
prod_1,2026-05-21,80304.13
prod_1,2026-05-22,80048.18
prod_1,2026-05-23,80828.87
prod_1,2026-05-24,80520.98
prod_1,2026-05-25,81080.13
prod_1,2026-05-26,79826.13
prod_1,2026-05-27,80479.75
prod_1,2026-05-28,81009.39
prod_1,2026-05-29,81050.84
prod_1,2026-05-30,79928.1
prod_1,2026-05-31,80600.66
prod_1,2026-06-01,80869.56
prod_1,2026-06-02,81097.52
prod_1,2026-06-03,81828.02
prod_1,2026-06-04,81203.53
prod_1,2026-06-05,81626.61
prod_1,2026-06-06,81268.84
prod_1,2026-06-07,80876.34
prod_1,2026-06-08,80423.41
prod_1,2026-06-09,80694.34
prod_1,2026-06-10,81594.97
prod_1,2026-06-11,80454.61
prod_1,2026-06-12,74835.03
prod_1,2026-06-13,75003.22
prod_1,2026-06-14,75417.45
prod_1,2026-06-15,81521.97
prod_1,2026-06-16,81256.35
prod_1,2026-06-17,80423.56
prod_1,2026-06-18,80966.34
prod_1,2026-06-19,80021.28
prod_1,2026-06-20,80318.41
prod_1,2026-06-21,79601.33
prod_1,2026-06-22,79679.97
prod_1,2026-06-23,80273.72
prod_1,2026-06-24,79275.79
prod_1,2026-06-25,79991.56
prod_1,2026-06-26,79940.96
prod_1,2026-06-27,79691.86
prod_1,2026-06-28,79204.87
prod_1,2026-06-29,78753.1
prod_1,2026-06-30,79739.2
prod_1,2026-07-01,79489.08
prod_1,2026-07-02,78673.72
prod_1,2026-07-03,79769.23
prod_1,2026-07-04,78652.22
prod_1,2026-07-05,77802.76
prod_1,2026-07-06,78911.48
prod_1,2026-07-07,78364.29
prod_1,2026-07-08,77858.97
prod_1,2026-07-09,77548.07
prod_1,2026-07-10,77926.76
prod_1,2026-07-11,77794.01
prod_1,2026-07-12,77892.13
prod_1,2026-07-13,77014.87
prod_1,2026-07-14,77717.75
prod_1,2026-07-15,77083.05
prod_1,2026-07-16,76907.07
prod_1,2026-07-17,76722.25
prod_1,2026-07-18,77847.46
prod_1,2026-07-19,78014.61
prod_1,2026-07-20,76935.97
prod_1,2026-07-21,76479.67
prod_1,2026-07-22,77086.7
prod_1,2026-07-23,77470.88
prod_1,2026-07-24,76789.05
prod_1,2026-07-25,77209.56
prod_1,2026-07-26,76470.77
prod_1,2026-07-27,76779.6
prod_1,2026-07-28,77398.59
prod_1,2026-07-29,77442.81
prod_1,2026-07-30,78035.69
prod_1,2026-07-31,78099.85
prod_1,2026-08-01,76735.42
prod_1,2026-08-02,77616.78
prod_1,2026-08-03,77655.8
prod_1,2026-08-04,76946.61
prod_1,2026-08-05,76852.05
prod_1,2026-08-06,77599.3
prod_1,2026-08-07,78414.67
prod_1,2026-08-08,77254.48
prod_1,2026-08-09,77915.31
prod_1,2026-08-10,77657.79
prod_1,2026-08-11,72566.47
prod_1,2026-08-12,71880.7
prod_1,2026-08-13,72575.72
prod_1,2026-08-14,77530.96
prod_1,2026-08-15,78377.84
